Sample ID,Country/Ocean,State/Province,Region,Sector,Exact Site,Lat,Lon,Continent
BIOUG52512-C03,Albania,,Skadar Lake catchment,,Stream Marunay,42.138,19.632,EU
KP954743,Australia,Northern Territory,Northern Territory,,,,,AUS
BIOUG14949-A06,Bulgaria,Sofiya,Godech,,,43.009,23.058,EU
BIOUG13654-D09,Canada,New Brunswick,Fundy National Park,Caribou Plain Trail,,45.625,-65.06,NAC
BIOUG05558-D04,Canada,Ontario,Brantford,Assumption College School,EQP-CLL-580,43.122,-80.298,NAC
BIOUG13126-B08,Canada,Ontario,Milton,Craig Kielburger Secondary School,EQP-CLL-526,43.5142,-79.83,NAC
BIOUG06663-G10,Canada,Alberta,Waterton Lakes National Park,East of 2 Flags Lookout,Highway 6 pulloff,49.065,-113.778,NAC
BIOUG06663-G09,Canada,Alberta,Waterton Lakes National Park,East of 2 Flags Lookout,Highway 6 pulloff,49.065,-113.778,NAC
BIOUG08620-E08,Canada,Ontario,Pukaskwa National Park,Heron Bay,near Park Office,48.601,-86.2893,NAC
BIOUG06663-E07,Canada,Alberta,Waterton Lakes National Park,East of 2 Flags Lookout,Highway 6 pulloff,49.065,-113.778,NAC
BIOUG18374-F01,Canada,Newfoundland and Labrador,Torngat Mountains National Park,"Saglek/Base Camp, S of park",,58.45,-62.8,NAC
BARS_2015_43_247,Canada,Ontario,Kawartha Lakes,,,44.366,-78.478,NAC
BIOUG08116-A05,Canada,Alberta,Jasper National Park,"Highway 16, Athabasca River",NE of Jasper Lake,53.193,-117.954,NAC
BIOUG31144-D10,Canada,Saskatchewan,La Loche,La Loche Community School - Dene Building,EQP-CLL-588,56.482,-109.435,NAC
BIOUG08858-C02,Canada,Alberta,Jasper National Park,"Highway 16, Athabasca River",NE of Jasper Lake,53.193,-117.954,NAC
BIOUG18962-D06,Canada,Newfoundland and Labrador,Torngat Mountains National Park,"Saglek/Base Camp, S of park",,58.451,-62.798,NAC
BIOUG23198-D03,Canada,Ontario,Cambridge,rare Charitable Research Reserve,"Hogsback Forest, forest edge",43.3739,-80.354,NAC
BIOUG16829-H11,Canada,Yukon Territory,Ivvavik National Park,,,69.169,-140.167,NAC
BIOUG35767-B08,Canada,Ontario,Pickering,,Sector 12,43.9358,-79.2009,NAC
BIOUG05600-E05,Canada,Ontario,Listowel,Listowel Central Public School,EQP-CLL-553,43.736,-80.953,NAC
BIOUG14255-E12,Canada,Ontario,Rouge National Urban Park,North of Twyn Rivers Drive,,43.811,-79.162,NAC
BIOUG05600-B05,Canada,Ontario,Listowel,Listowel Central Public School,EQP-CLL-553,43.736,-80.953,NAC
BIOUG18373-E03,Canada,Newfoundland and Labrador,Torngat Mountains National Park,"Saglek/Base Camp, S of park",,58.45,-62.8,NAC
BIOUG11202-D07,Canada,Nova Scotia,Kejimkujik National Park,Jeremy`s Bay Campground,near Ampitheater off of Campfire Circle,44.4066,-65.2455,NAC
BIOUG06554-C09,Canada,Alberta,Waterton Lakes National Park,East of 2 Flags Lookout,Highway 6 pulloff,49.065,-113.778,NAC
BIOUG13040-C02,Canada,Ontario,Brantford,Holy Cross School,EQP-CLL-580,43.1463,-80.242,NAC
BIOUG09627-G02,Canada,Alberta,Jasper National Park,Pocahontas Campground,Site C21,53.195,-117.914,NAC
BIOUG08444-A11,Canada,Alberta,Jasper National Park,"Highway 16, Athabasca River",NE of Jasper Lake,53.193,-117.954,NAC
BIOUG13112-E04,Canada,Ontario,Baden,Sir Adam Beck Public School,EQP-CLL-521,43.4014,-80.685,NAC
BIOUG10446-F11,Canada,British Columbia,10 km W Kamloops,New Afton Mine,Wetland Remediated Area (treatment) - Site 1,50.643,-120.517,NAC
BIOUG13034-B07,Canada,Ontario,London,Catholic Central High School,EQP-CLL-605,42.9869,-81.239,NAC
BIOUG18959-H11,Canada,Newfoundland and Labrador,Torngat Mountains National Park,"Saglek/Base Camp, S of park",,58.451,-62.798,NAC
CHARS00125-D04,Canada,Nunavut,Kitikmeot,Cambridge Bay,"CHARS Intensive Monitoring Area, near Base Camp",69.2187,-104.926,NAC
CHARS00125-B04,Canada,Nunavut,Kitikmeot,Cambridge Bay,"CHARS Intensive Monitoring Area, near Base Camp",69.2187,-104.926,NAC
BIOUG35763-D03,Canada,Ontario,Markham,,Sector 9 centre,43.9025,-79.2135,NAC
BIOUG35763-C08,Canada,Ontario,Markham,,Sector 9 centre,43.9025,-79.2135,NAC
BIOUG03303-C06,Canada,Ontario,Algonquin Provincial Park,Kearney Lake Stream,Stream located in campground,45.5714,-78.4402,NAC
BIOUG06663-A06,Canada,Alberta,Waterton Lakes National Park,East of 2 Flags Lookout,Highway 6 pulloff,49.065,-113.778,NAC
CHARS00124-H03,Canada,Nunavut,Kitikmeot,Cambridge Bay,"CHARS Intensive Monitoring Area, near Base Camp",69.2187,-104.926,NAC
BIOUG06220-F11,Canada,Alberta,Waterton Lakes National Park,East of 2 Flags Lookout,Highway 6 pulloff,49.065,-113.778,NAC
BIOUG18303-G05,Canada,Newfoundland and Labrador,Torngat Mountains National Park,"Saglek/Base Camp, S of park",,58.45,-62.8,NAC
CHARS00124-E10,Canada,Nunavut,Kitikmeot,Cambridge Bay,"CHARS Intensive Monitoring Area, near Base Camp",69.2187,-104.926,NAC
BIOUG04469-E11,Canada,Alberta,Waterton Lakes National Park,"Hwy 6, just east of Hwy 5",Foothills Parkland Region,49.083,-113.876,NAC
BIOUG13634-H10,Canada,New Brunswick,Fundy National Park,Caribou Plain Trail,,45.625,-65.06,NAC
BIOUG12101-B12,Canada,Newfoundland and Labrador,Terra Nova National Park,,Blue Hill Road,48.598,-53.9702,NAC
CHARS00124-D02,Canada,Nunavut,Kitikmeot,Cambridge Bay,"CHARS Intensive Monitoring Area, near Base Camp",69.2187,-104.926,NAC
CHARS00124-C10,Canada,Nunavut,Kitikmeot,Cambridge Bay,"CHARS Intensive Monitoring Area, near Base Camp",69.2187,-104.926,NAC
CHARS00124-C02,Canada,Nunavut,Kitikmeot,Cambridge Bay,"CHARS Intensive Monitoring Area, near Base Camp",69.2187,-104.926,NAC
BIOUG06678-A03,Canada,Alberta,Waterton Lakes National Park,East of 2 Flags Lookout,Highway 6 pulloff,49.065,-113.778,NAC
CHARS00124-A12,Canada,Nunavut,Kitikmeot,Cambridge Bay,"CHARS Intensive Monitoring Area, near Base Camp",69.2187,-104.926,NAC
CHARS00124-A03,Canada,Nunavut,Kitikmeot,Cambridge Bay,"CHARS Intensive Monitoring Area, near Base Camp",69.2187,-104.926,NAC
BIOUG36985-B02,Canada,Ontario,Wellington Co.,"Elora, Elora Research Station","Alfalfa field, trap 1",43.6481,-80.3931,NAC
BIOUG06673-F11,Canada,Alberta,Waterton Lakes National Park,East of 2 Flags Lookout,Highway 6 pulloff,49.065,-113.778,NAC
BIOUG02753-E05,Canada,Ontario,Thousand Islands National Park,Jones Creek by Mallorytown,County Road 5,44.475,-75.865,NAC
CHARS00235-F01,Canada,Nunavut,Kitikmeot,Cambridge Bay,"CHARS Intensive Monitoring Area, near Base Camp",69.2187,-104.926,NAC
BIOUG16810-E02,Canada,Nunavut,Auyuittuq National Park,,,66.89,-64.681,NAC
BIOUG05616-H11,Canada,Ontario,Woodstock,Huron Park Secondary School,EQP-CLL-582,43.14,-80.739,NAC
BIOUG20428-D02,Canada,Ontario,Rouge National Urban Park,North of Twyn Rivers Drive,,43.811,-79.162,NAC
BIOUG06672-G04,Canada,Alberta,Waterton Lakes National Park,East of 2 Flags Lookout,Highway 6 pulloff,49.065,-113.778,NAC
BIOUG07513-C10,Canada,Alberta,Waterton Lakes National Park,"Hwy 6, just east of Hwy 5",Foothills Parkland Region,49.083,-113.876,NAC
BIOUG05616-F04,Canada,Ontario,Woodstock,Huron Park Secondary School,EQP-CLL-582,43.14,-80.739,NAC
BIOUG20427-E03,Canada,Ontario,Rouge National Urban Park,North of Twyn Rivers Drive,,43.811,-79.162,NAC
BIOUG20427-D08,Canada,Ontario,Rouge National Urban Park,North of Twyn Rivers Drive,,43.811,-79.162,NAC
BIOUG05529-C05,Canada,Ontario,Guelph,Mary Phelan Elementary School,EQP-CLL-584,43.5129,-80.246,NAC
CHARS00491-H05,Canada,Nunavut,Kitikmeot,Kugluktuk,Castle Cliff - upper,67.817,-115.11,NAC
CHARS00491-H04,Canada,Nunavut,Kitikmeot,Kugluktuk,Castle Cliff - upper,67.817,-115.11,NAC
BIOUG20426-F10,Canada,Ontario,Rouge National Urban Park,North of Twyn Rivers Drive,,43.811,-79.162,NAC
BIOUG08122-C01,Canada,Alberta,Jasper National Park,"Highway 16, Athabasca River",NE of Jasper Lake,53.193,-117.954,NAC
BIOUG36982-E07,Canada,Ontario,Wellington Co.,"Elora, Elora Research Station","Alfalfa field, trap 1",43.6481,-80.3931,NAC
BIOUG05593-D07,Canada,Ontario,Fergus,Centre Wellington District High School,EQP-CLL-598,43.704,-80.358,NAC
BIOUG08121-H07,Canada,Alberta,Jasper National Park,"Highway 16, Athabasca River",NE of Jasper Lake,53.193,-117.954,NAC
BIOUG17419-H11,Canada,Yukon Territory,Kluane National Park and Reserve,Auriol Trail,,60.714,-137.432,NAC
CHARS00490-G11,Canada,Nunavut,Kitikmeot,Kugluktuk,Suicide Hill area,67.82,-115.089,NAC
BIOUG20425-D08,Canada,Ontario,Rouge National Urban Park,North of Twyn Rivers Drive,,43.811,-79.162,NAC
CHARS00490-E09,Canada,Nunavut,Kitikmeot,Kugluktuk,Suicide Hill area,67.82,-115.089,NAC
CHARS00124-A04,Canada,Nunavut,Kitikmeot,Cambridge Bay,"CHARS Intensive Monitoring Area, near Base Camp",69.2187,-104.926,NAC
BIOUG13441-C09,Canada,New Brunswick,Fundy National Park,Caribou Plain Trail,,45.625,-65.06,NAC
BIOUG04249-A09,Canada,Alberta,Waterton Lakes National Park,"Hwy 6, just east of Hwy 5",Foothills Parkland Region,49.083,-113.876,NAC
BIOUG13008-E03,Canada,Ontario,London,Saunders Secondary,EQP-CLL-613,42.947,-81.289,NAC
BIOUG05570-C07,Canada,Ontario,Brantford,Braemar House School,EQP-CLL-571,43.168,-80.256,NAC
BIOUG12485-A11,Canada,British Columbia,10 km W Kamloops,New Afton Mine,Wetland Protected Area (control) - Site 3,50.663,-120.504,NAC
BIOUG05591-G04,Canada,Ontario,Listowel,Listowel Central Public School,EQP-CLL-553,43.736,-80.953,NAC
BIOUG13537-A09,Canada,New Brunswick,Fundy National Park,Caribou Plain Trail,,45.625,-65.06,NAC
BIOUG13537-A05,Canada,New Brunswick,Fundy National Park,Caribou Plain Trail,,45.625,-65.06,NAC
BIOUG25625-A08,Canada,Yukon Territory,Mayo,J V Clark,EQP-CLL-852,63.5943,-135.896,NAC
BIOUG05548-D04,Canada,Ontario,Guelph,Ponsonby Public School,EQP-CLL-567,43.623,-80.354,NAC
BIOUG05591-C05,Canada,Ontario,Listowel,Listowel Central Public School,EQP-CLL-553,43.736,-80.953,NAC
CHIR_CH179,Canada,Manitoba,Churchill,"26 km SE Churchill, Twin Lakes burn site",Malaisetrap,58.621,-93.834,NAC
CHIR_CH178,Canada,Manitoba,Churchill,"26 km SE Churchill, Twin Lakes burn site",Malaisetrap,58.621,-93.834,NAC
BIOUG22457-A09,Canada,Ontario,Cambridge,rare Charitable Research Reserve,"Indian Woods, forest edge",43.3736,-80.3652,NAC
BIOUG06346-A09,Canada,Alberta,Waterton Lakes National Park,East of 2 Flags Lookout,Highway 6 pulloff,49.065,-113.778,NAC
BARS_2016_34_030,Canada,Ontario,Peterborough,,,44.253,-78.415,NAC
BIOUG16912-D07,Canada,Yukon Territory,Ivvavik National Park,,,69.169,-140.167,NAC
BIOUG19209-H11,Canada,Newfoundland and Labrador,Torngat Mountains National Park,"Saglek/Base Camp, S of park",,58.45,-62.8,NAC
BIOUG08032-B08,Canada,Alberta,Jasper National Park,"Highway 16, Athabasca River",NE of Jasper Lake,53.193,-117.954,NAC
BIOUG24161-D12,Canada,Ontario,Cambridge,rare Charitable Research Reserve,"Preston Flats, grassy wetland",43.3908,-80.3747,NAC
BIOUG07178-D11,Canada,British Columbia,10 km W Kamloops,New Afton Mine,Wetland Remediated Area (treatment) - Site 1,50.643,-120.517,NAC
BIOUG22456-D09,Canada,Ontario,Cambridge,rare Charitable Research Reserve,"Indian Woods, forest edge",43.3736,-80.3652,NAC
CHARS00236-B03,Canada,Nunavut,Kitikmeot,Cambridge Bay,"CHARS Intensive Monitoring Area, near Base Camp",69.2187,-104.926,NAC
BIOUG07177-G12,Canada,British Columbia,10 km W Kamloops,New Afton Mine,Wetland Remediated Area (treatment) - Site 1,50.643,-120.517,NAC
BIOUG12049-E04,Canada,Newfoundland and Labrador,Terra Nova National Park,,Blue Hill Road,48.598,-53.9702,NAC
BIOUG16098-H08,Canada,Alberta,Calgary,W.O. Mitchell Elementary School,EQP-CLL-546,51.114,-114.194,NAC
BIOUG08082-E03,Canada,Alberta,Jasper National Park,"Highway 16, Athabasca River",NE of Jasper Lake,53.193,-117.954,NAC
BIOUG08032-H05,Canada,Alberta,Jasper National Park,"Highway 16, Athabasca River",NE of Jasper Lake,53.193,-117.954,NAC
BARS_2015_24_111,Canada,Ontario,Peterborough,,,44.271,-78.394,NAC
BIOUG21767-E07,Canada,Ontario,Cambridge,rare Charitable Research Reserve,"Indian Woods, forest edge",43.3736,-80.3652,NAC
BIOUG12048-B08,Canada,Newfoundland and Labrador,Terra Nova National Park,,Blue Hill Road,48.598,-53.9702,NAC
BIOUG25625-F08,Canada,Yukon Territory,Mayo,J V Clark,EQP-CLL-852,63.5943,-135.896,NAC
BIOUG19220-A05,Canada,Newfoundland and Labrador,Torngat Mountains National Park,"Saglek/Base Camp, S of park",,58.45,-62.8,NAC
BIOUG08089-A05,Canada,Alberta,Jasper National Park,"Highway 16, Athabasca River",NE of Jasper Lake,53.193,-117.954,NAC
BIOUG21890-H11,Canada,Ontario,Cambridge,rare Charitable Research Reserve,"Hogsback Forest, forest edge",43.3739,-80.354,NAC
BIOUG02694-C05,Canada,Ontario,Algonquin Provincial Park,WRS stream 200m North of Hwy 60,5m upstream from culvert,45.5808,-78.5163,NAC
BIOUG16908-C10,Canada,Yukon Territory,Ivvavik National Park,,,69.169,-140.167,NAC
BIOUG08088-D04,Canada,Alberta,Jasper National Park,"Highway 16, Athabasca River",NE of Jasper Lake,53.193,-117.954,NAC
BIOUG09686-D09,Canada,Alberta,Jasper National Park,Pocahontas Campground,Site C21,53.195,-117.914,NAC
BIOUG33464-A01,Canada,Ontario,Owen Sound,Bayview Escarpment Provincial Park,,44.6337,-80.6983,NAC
BIOUG06247-F05,Canada,Alberta,Banff National Park,Baker Creek picnic area,Adjacent to hydro line,51.35,-116.063,NAC
BIOUG05671-E09,Canada,Ontario,Barrie,St. Marguerite d`Youville Catholic School,EQP-CLL-604,44.4114,-79.716,NAC
BIOUG02694-F04,Canada,Ontario,Algonquin Provincial Park,Stream 0.8km along Mizzy Lake Trail,Small stream along road under canopy cover,45.549,-78.6958,NAC
BIOUG05628-B10,Canada,Ontario,Kitchener,Grand River Collegiate Institute,EQP-CLL-503,43.457,-80.437,NAC
BIOUG20922-G08,Canada,New Brunswick,Kouchibouguac National Park,Bog Trail,,46.812,-64.951,NAC
BIOUG08530-E03,Canada,Ontario,Rouge National Urban Park,Toronto Zoo,,43.8223,-79.1897,NAC
BIOUG32901-B03,Canada,Ontario,Warsaw,Ferris Provincial Park,,44.2829,-77.7963,NAC
BIOUG33462-G07,Canada,Ontario,Owen Sound,Bayview Escarpment Provincial Park,,44.6337,-80.6983,NAC
BIOUG11634-F10,Canada,Newfoundland and Labrador,Torngat Mountains National Park,Torngat Base Camp,,58.4505,-62.7982,NAC
BIOUG09305-E08,Canada,Ontario,Georgian Bay Islands National Park,"Administration Office, 901 Wye Valley Rd.",,44.7418,-79.8501,NAC
BIOUG32841-B02,Canada,Ontario,Kawartha Lakes,Balsam Lake Provincial Park,,44.6286,-78.8614,NAC
BIOUG31174-D11,Canada,Yukon Territory,Haines Junction,Saint Elias Community School,EQP-CLL-552,60.7545,-137.512,NAC
BIOUG31174-C10,Canada,Yukon Territory,Haines Junction,Saint Elias Community School,EQP-CLL-552,60.7545,-137.512,NAC
BIOUG01724-D02,Canada,Ontario,Algonquin Provincial Park,Stream 330m down road from Source Lake Parking Lot,Rocky stream with lots of canopy cover,45.561,-78.6331,NAC
BIOUG31174-B10,Canada,Yukon Territory,Haines Junction,Saint Elias Community School,EQP-CLL-552,60.7545,-137.512,NAC
BIOUG31174-A06,Canada,Yukon Territory,Haines Junction,Saint Elias Community School,EQP-CLL-552,60.7545,-137.512,NAC
BIOUG08887-G03,Canada,Alberta,Jasper National Park,"Highway 16, Athabasca River",NE of Jasper Lake,53.193,-117.954,NAC
BIOUG05539-B04,Canada,Ontario,Paris,Holy Family Elementary School,EQP-CLL-560,43.207,-80.391,NAC
BIOUG23201-B02,Canada,Ontario,Cambridge,rare Charitable Research Reserve,"Hogsback Forest, forest edge",43.3739,-80.354,NAC
BIOUG33071-C02,Canada,Ontario,Sydenham,Frontenac Provincial Park,,44.5178,-76.5394,NAC
BARS_2016_42_115,Canada,Ontario,Kawartha Lakes,,,44.28,-78.529,NAC
BIOUG08027-A10,Canada,Alberta,Jasper National Park,"Highway 16, Athabasca River",NE of Jasper Lake,53.193,-117.954,NAC
BIOUG05538-D12,Canada,Ontario,Paris,Holy Family Elementary School,EQP-CLL-560,43.207,-80.391,NAC
BIOUG08302-B08,Canada,Alberta,Jasper National Park,"Highway 16, Athabasca River",NE of Jasper Lake,53.193,-117.954,NAC
BIOUG08067-G11,Canada,British Columbia,10 km W Kamloops,New Afton Mine,Grassland Protected Area (control) - Site 4,50.672,-120.533,NAC
BIOUG08886-D01,Canada,Alberta,Jasper National Park,"Highway 16, Athabasca River",NE of Jasper Lake,53.193,-117.954,NAC
BIOUG08067-C09,Canada,British Columbia,10 km W Kamloops,New Afton Mine,Grassland Protected Area (control) - Site 4,50.672,-120.533,NAC
BIOUG07090-D01,Canada,Alberta,Jasper National Park,"Highway 16, Athabasca River",NE of Jasper Lake,53.193,-117.954,NAC
BIOUG24415-D09,Canada,British Columbia,,Kinaskan Lake Provincial Park,Kinaskan Lake Trail,57.532,-130.202,NAC
BIOUG10484-F09,Canada,British Columbia,10 km W Kamloops,New Afton Mine,Wetland Remediated Area (treatment) - Site 1,50.643,-120.517,NAC
BIOUG04321-F09,Canada,Alberta,Waterton Lakes National Park,"Hwy 6, just east of Hwy 5",Foothills Parkland Region,49.083,-113.876,NAC
BIOUG08939-G03,Canada,Ontario,Wellington County,Guelph,Biodiversity Institute of Ontario,43.528,-80.229,EA
NLCH814,China,Jiangxi,Ganzhou,Longnan,"Jiulianshan National Nature Reserve, Daqiutian, Qiu River",24.583,114.446,EA
NLCH813,China,Jiangxi,Ganzhou,Longnan,"Jiulianshan National Nature Reserve, Daqiutian, Qiu River",24.583,114.446,EA
NLCH812,China,Jiangxi,Ganzhou,Longnan,"Jiulianshan National Nature Reserve, Daqiutian, Qiu River",24.583,114.446,EA
NLCH804,China,Jiangxi,Ganzhou,Longnan,"Jiulianshan National Nature Reserve, Daqiutian, Qiu River",24.583,114.446,EA
NLCH796,China,Jiangxi,Ganzhou,Longnan,"Jiulianshan National Nature Reserve, Daqiutian, Qiu River",24.583,114.446,EA
NLCH795,China,Jiangxi,Ganzhou,Longnan,"Jiulianshan National Nature Reserve, Daqiutian, Qiu River",24.583,114.446,EA
NLCH508,China,Guangdong,Shaoguan,Shixing,"Chebaling National Nature Reserve, Mojiang River",24.723,114.257,EA
XL3633,China,Guizhou,Zunyi,Meitan,Mirabilite cave,,,EA
ZJ236,China,Zhejiang,Wenzhou,Yueqing,"Furongzhen, Benjue Temple",28.3,120.992,EA
ZJ232,China,Zhejiang,Wenzhou,Yueqing,"Furongzhen, Benjue Temple",28.3,120.992,EA
XL3266,China,Guizhou,Qiandongnan Miao and Dong Autonomous Prefecture,Leishan,"Leigongshan Natural Reserve, Xianlvtang",,,EA
ZJ230,China,Zhejiang,Wenzhou,Yueqing,"Furongzhen, Benjue Temple",28.3,120.992,EA
ZJ459,China,Zhejiang,Lishui,Suichang,Jiulongshan Natural Reserve,28.392,118.845,EA
ZJ212,China,Zhejiang,Wenzhou,Yueqing,"Lingdi County, Hushangyangcun",28.304,120.93,EA
DWS69,China,Yunnan,Honghe Hani and Yi Autonomous Prefecture,Pingbian Miao Autonomous County,Dawei Mountain National Park,22.91,103.696,EA
XL1810,China,Sichuan,Leshan,Emeishan,"Mount Emei, Lake Exiu",29.5733,103.475,EA
ZJ608,China,Zhejiang,Hangzhou,Lin`an,"Tianmu Mountain Nature Reserve, a stream near Chanyuan Temple",30.3222,119.442,EA
HJR297,China,Shaanxi,Shangluo,Shangzhou,"Yancunzhen, Jinqian River",33.681,109.844,EA
XL1414,China,Sichuan,Dujiangyan,Tai`an,Qingchenghoushan Scenic Area,30.925,103.482,EA
XL2349,China,Yunnan,Hani-Yi Autonomous Prefecture of Honghe,Pingbian,Dawei Mountain,22.91,103.7,EA
XL873,China,Yunnan,Baoshan,Longyang,"Mangkuan County, Gaoligongshan National Nature Reserve, Baihualing, near a remote wild hot spring and a stream",25.3106,98.795,EA
HJR298,China,Shaanxi,Shangluo,Shangzhou,"Yancunzhen, Jinqian River",33.681,109.844,EA
HJR246,China,Hubei,Shiyan,Zhushan,"Loutaixiang, Duizhi River",32.403,110.337,EA
HJR230,China,Hubei,Shiyan,Zhushan,"Loutaixiang, Qinyu River",32.355,110.278,EA
XJ222,China,Zhejiang,Taizhou,Xianju,"Yong an stream, Danzhu",,,EA
HJR77,China,Shaanxi,Shangluo,Shangzhou,,33.852,109.92,EA
XL2485,China,Hubei,Enshi,Hefeng,Mulinzi Farm,29.8927,110.029,EA
XL2465,China,Hubei,Enshi,Xuanen,"Qizimeishan, Liangxihecun",29.6686,109.609,EA
XL2464,China,Hubei,Enshi,Xuanen,"Qizimeishan, Liangxihecun",29.6686,109.609,EA
XL1857,China,Hainan,,Baisha,Yinggeling,19.0833,109.5,EA
XL1856,China,Hainan,,Baisha,Yinggeling,19.0833,109.5,EA
XL1853,China,Hainan,,Baisha,Yinggeling,19.0833,109.5,EA
ZJ956,China,Zhejiang,Hangzhou,Lin`an,"Longwangshan Mountain, Xiguan",30.3942,119.411,EA
ZJ860,China,Zhejiang,Wenzhou,Yueqing,"Lingdi, Hengtancun, near a stram",28.3276,120.877,EA
ZJ853,China,Zhejiang,Wenzhou,Yueqing,"Lingdi, Hengtancun, near a stram",28.3276,120.877,EA
ZJ687,China,Zhejiang,Hangzhou,Changhua,"Qingliangfeng Natural Reserve, Qianqintang",30.297,119.116,EA
ZJ362,China,Zhejiang,Hangzhou,Lin`an,"Longwangshan Mountain, Xiguan",,,EA
XL3417,China,Guizhou,Qiandongnan Miao and Dong Autonomous Prefecture,Leishan,"Leigongshan Natural Reserve, Getou",26.396,108.261,EA
XL3373,China,,,,,23.2195,113.411,EA
XL1769,China,Hubei,Enshi Tujia and Miao Autonomous Prefecture,Hefeng,"Mulinzi Farm, light trap",29.8927,110.029,EA
XL1768,China,Hubei,Enshi Tujia and Miao Autonomous Prefecture,Hefeng,"Mulinzi Farm, light trap",29.8927,110.029,EA
XL1420,China,Sichuan,Dujiangyan,Tai`an,Qingchenghoushan Scenic Area,30.925,103.482,EA
XL1418,China,Sichuan,Dujiangyan,Tai`an,Qingchenghoushan Scenic Area,30.925,103.482,EA
XL1417,China,Sichuan,Dujiangyan,Tai`an,Qingchenghoushan Scenic Area,30.925,103.482,EA
XL1416,China,Sichuan,Dujiangyan,Tai`an,Qingchenghoushan Scenic Area,30.925,103.482,EA
XJ223,China,Zhejiang,Taizhou,Xianju,"Kuocangshan Nature Reserve, Yukengcun",28.6327,120.576,EA
XJ99,China,Zhejiang,Taizhou,Xianju,Kuocangshan Nature Reserve,28.598,120.671,EA
XJ221,China,Zhejiang,Taizhou,Xianju,"Yong an stream, Danzhu",,,EA
XL1105,China,Yunnan,Kunming,Panlong,"Xiaohe Village, on a bridge",25.2078,102.827,EA
ZJ217,China,Zhejiang,Wenzhou,Yueqing,"Furong Town, Benjue Temple, near a stream",28.3002,120.992,EA
XL1992,China,Jiangsu,Changzhou,Liyang,Nanshanzhulin,31.1681,119.521,EA
ZJ028,China,Zhejiang,Wenzhou,Yueqing,"Furong Town, Jinzhujian",28.3227,121.083,EA
XL1434,China,Hainan,Wuzhishan,Shuimanxiang,Lizudadian,18.8927,109.684,EA
XL1426,China,Sichuan,Leshan,Emeishan,Emei mountain,29.6039,103.482,EA
XL892,China,Yunnan,Baoshan,Longyang,"Mangkuan County, Gaoligongshan National Nature Reserve, Baihualing, near a remote wild hot spring and a stream",25.3106,98.795,EA
XL883,China,Yunnan,Baoshan,Longyang,"Mangkuan County, Gaoligongshan National Nature Reserve, Baihualing, near a remote wild hot spring and a stream",25.3106,98.795,EA
XL866,China,Yunnan,Baoshan,Longyang,"Mangkuan County, Gaoligongshan National Nature Reserve, Baihualing, near a remote wild hot spring and a stream",25.3106,98.795,EA
XL1466,China,Hainan,,Changjiang,Bawangling National Nature Reserve,19.1146,109.084,EA
XL1171,China,Yunnan,Dali Bai Autonomous Prefecture,Dali,"Cangshan Mountain, Qingbi Stream, Qinglong Pond",25.6475,100.143,EA
ZJ921,China,Zhejiang,Wenzhou,Yueqing,"Furongzhen, Benjue Temple, a stream",28.2999,120.991,EA
XL751,China,Guangdong,Guangzhou,Zengcheng,Lanxi,23.3392,113.959,EA
ZJ632,China,Zhejiang,Hangzhou,Lin`an,"Tianmu Mountain Nature Reserve, a stream",30.3143,119.443,EA
XL3077,China,Yunnan,Xishuangbanna,Menghai,"Meng`ang, Guanshaungcun",22.0555,99.9895,EA
XL3076,China,Yunnan,Xishuangbanna,Menghai,"Meng`ang, Guanshaungcun",22.0555,99.9895,EA
XL3075,China,Yunnan,Xishuangbanna,Menghai,"Meng`ang, Guanshaungcun",22.0555,99.9895,EA
XL3018,China,Shaanxi,Hanzhong,Foping,Yuebazhen,33.5307,107.821,EA
XL3007,China,Zhejiang,Taizhou,Tiantai,Huading Mountain,29.2523,121.091,EA
XL2905,China,Liaoning,Benxi,Huanren,Laotuding,41.2894,124.898,EA
XL2857,China,Guizhou,Qiandongnan Miao and Dong Autonomous Prefecture,Leishan,"Leigongshan Natutal Reserve, fangxiang, Getoucun",26.396,108.261,EA
ZJ498,China,Zhejiang,Hangzhou,Lin an,"Tianmu Mountain National Nature Reserve, a stream near the Chanyuan Temple",30.3222,119.442,EA
ZJ497,China,Zhejiang,Hangzhou,Lin`an,"Tianmu Mountain National Nature Reserve, a stream near the Chanyuan Temple",30.3222,119.442,EA
XL2829,China,Guizhou,Qiandongnan Miao and Dong Autonomous Prefecture,Leishan,"Leigongshan Natutal Reserve, Xianlvtang",26.4,108.05,EA
XL2803,China,Guizhou,Qiandongnan Miao and Dong Autonomous Prefecture,Leishan,"Leigongshan Natutal Reserve, Gulucun, Yegongzhai",26.4439,108.06,EA
XL1752,China,Hubei,Enshi Tujia and Miao Autonomous Prefecture,Hefeng,Mulinzi Farm,29.8927,110.029,EA
XL1501,China,Hainan,,Ledong,"Jianfengling National Nature Reserve, Tianchi",18.6927,108.796,EA
XL1850,China,Hainan,Changjiang,,Bawangling National Nature Reserve,19.1146,109.084,EA
XL1439,China,Hainan,Wuzhishan,Shuimanxiang,Rain Forest,18.884,109.664,EA
XL1512,China,Hainan,Wuzhishan,Shuimanxiang,Rain Forest,18.884,109.664,EA
XL1442,China,Hainan,Wuzhishan,Shuimanxiang,Rain Forest,18.884,109.664,EA
XL884,China,Yunnan,Baoshan,Longyang,"Mangkuan County, Gaoligongshan National Nature Reserve, Baihualing, near a remote wild hot spring and a stream",25.3106,98.795,EA
XL1502,China,Hainan,,Ledong,"Jianfengling National Nature Reserve, Tianchi",18.6927,108.796,EA
XL822,China,Yunnan,Baoshan,Longyang,"Mangkuan County, Gaoligongshan National Nature Reserve, Baihualing, near waterfall",25.3031,98.8011,EA
XL757,China,Guangdong,Guangzhou,Zengcheng,Lanxi,23.3392,113.959,EA
XL752,China,Guangdong,Guangzhou,Zengcheng,Lanxi,23.3392,113.959,EA
XL1781,China,Hubei,Enshi Tujia and Miao Autonomous Prefecture,Hefeng,Mulinzi Farm,29.8927,110.029,EA
XL1751,China,Hubei,Enshi Tujia and Miao Autonomous Prefecture,Hefeng,Mulinzi Farm,29.8927,110.029,EA
XL1968,China,Tibet,Nyingchi,Mainling,Zhongshacun,29.1873,93.9954,EA
XL1419,China,Sichuan,Dujiangyan,Tai`an,Qingchenghoushan Scenic Area,30.9257,103.483,EA
XL1772,China,Hubei,Enshi Tujia and Miao Autonomous Prefecture,Hefeng,Mulinzi Farm,29.8927,110.029,EA
XL1415,China,Sichuan,Dujiangyan,Tai`an,Qingchenghoushan Scenic Area,30.9257,103.483,EA
XL1238,China,Yunnan,Dali Bai Autonomous Prefecture,Dali,"Cangshan Mountain, Qingbi Stream, Wangque Bridge",25.6522,100.157,EA
XL2018,China,Guizhou,Tongren,Jiangkou,Fangjingshan Nature Reserve,27.7031,108.835,EA
XL1932,China,Tibet,Nyingchi,Bomi,glacial stream,29.8036,95.8672,EA
XL577,China,Tibet,Nyingchi,Bomi,near glacial stream,29.8036,95.8672,EA
ZJ711,China,Zhejiang,Wenzhou,Yueqing,"Lingdi County, Shimencun",28.333,120.896,EA
ZJ575,China,Zhejiang,Hanghzou,Lin`an,"Tianmu Mountain National Nature Reserve, near a stream",30.325,119.441,EA
XL578,China,Tibet,Nyingchi,Bomi,near a glacial stream,29.804,95.867,EA
XL2486,China,Hubei,Enshi,Hefeng,Mulinzi Farm,29.893,110.029,EA
XL1802,China,Hubei,Enshi Tujia and Miao Autonomous Prefecture,Xuanen,"Changtanhe, Liangxihecun",29.6686,109.609,EA
XL1797,China,Hubei,Enshi Tujia and Miao Autonomous Prefecture,Xuanen,"Changtanhe, Liangxihecun",29.669,109.609,EA
XL1787,China,Hubei,Enshi Tujia and Miao Autonomous Prefecture,Xuanen,"Changtanhe, Liangxihecun",29.669,109.609,EA
XL1779,China,Hubei,Enshi Tujia and Miao Autonomous Prefecture,Hefeng,Mulinzi Farm,29.893,110.029,EA
ZJ174,China,Zhejiang,Jinhua,Pan`an,"Dapan Mt., Huangtan Forest Farm",28.8561,120.466,EA
XL1231,China,Yunnan,Dali Bai Autonomous Prefecture,Dali,"Cangshan Mountain, Qingbi Stream, Yuanyang Bridge",25.6503,100.149,EA
XL2017,China,Guizhou,Tongren,Jiangkou,Fangjingshan Nature Reserve,27.7031,108.835,EA
XL3644,China,Shaanxi,Ankang,Ningshan,Xuyangbazhen,33.553,108.546,EA
ZJ138,China,Zhejiang,Wenzhou,Yueqing,"Furongzhen, Benjue Temple",28.3,120.992,EA
XL3645,China,Shaanxi,Ankang,Ningshan,Xuyangbazhen,33.553,108.546,EA
XL1513,China,Hainan,Wuzhishan,Shuimanxiang,Rain Forest,18.9057,109.683,EA
CHLA553,China,Sichuan,Liangshan Yi Autonomous Prefecture,Huidong,Canyuhezhen,26.485,102.584,EA
XL3641,China,Shaanxi,Ankang,,Niubeiliang National Natural Reserve,33.758,108.814,EA
CHLA549,China,Sichuan,Yibin,Pingshan,,26.932,99.958,EA
CHLA541,China,Sichuan,Liangshan Yi Autonomous Prefecture,Huidong,Canyuhezhen,26.485,102.584,EA
CHLA538,China,Sichuan,Yibin,Xuzhou,Jinsha River,28.625,104.429,EA
DWS85,China,Yunnan,Honghe Hani and Yi Autonomous Prefecture,Pingbian Miao Autonomous County,Dawei Mountain National Park,22.91,103.696,EA
CHLA557,China,Sichuan,Liangshan Yi Autonomous Prefecture,Huidong,Canyuhezhen,26.485,102.584,EA
DGD03,China,Zhejiang,Wenzhou,Yueqing,"Lingdi County, Dagudun",28.293,120.957,EA
XL749,China,Guangdong,Guangzhou,Zengcheng,Lanxi,23.3392,113.959,EA
CHLA517,China,Sichuan,Liangshan Yi Autonomous Prefecture,Huidong,Canyuhezhen,26.485,102.584,EA
ZJ335,China,Zhejiang,Wenzhou,Yueqing,"Furongzhen, Benjue Temple",28.3,120.992,EA
XL3560,China,Yunnan,Dali Bai Autonomous Prefecture,Dali,"Cangshan Mountain, Qingbi Stream, Qinglong Pond",25.6475,100.143,EA
ZJ978,China,Zhejiang,Wenzhou,Yueqing,"Lingdi, Baiyantoucun",28.293,120.957,EA
XL3547,China,Yunnan,Dali Bai Autonomous Prefecture,Dali,"Cangshan Mountain, Qingbi Stream, Qinglong Pond",25.6475,100.143,EA
ZJ619,China,Zhejiang,Hangzhou,Lin`an,"Tianmu Mountain Nature Reserve, a stream near Chanyuan Temple",30.3222,119.442,EA
HJR174,China,Shaanxi,Shangluo,Shangzhou,"Yecunzhen, Lihetancun",33.748,110.157,EA
XL1199,China,Yunnan,Dali Bai Autonomous Prefecture,Dali,"Cangshan Mountain, Qingbi Stream, Qinglong Pond",25.6475,100.143,EA
XL1191,China,Yunnan,Dali Bai Autonomous Prefecture,Dali,"Cangshan Mountain, Qingbi Stream, Qinglong Pond",25.6475,100.143,EA
XL1170,China,Yunnan,Dali Bai Autonomous Prefecture,Dali,"Cangshan Mountain, Qingbi Stream, Qinglong Pond",25.6475,100.143,EA
XL1125,China,Yunnan,Kunming,Panlong,"Xiaohe Village, on a bridge",25.2078,102.827,EA
XL1124,China,Yunnan,Kunming,Panlong,"Xiaohe Village, on a bridge",25.2078,102.827,EA
XL1091,China,Yunnan,Kunming,Panlong,"Xiaohe Village, on a bridge",25.2078,102.827,EA
XL1085,China,Yunnan,Kunming,Panlong,"Xiaohe Village, on a bridge",25.2078,102.827,EA
24465-B05,Finland,,Enontekioe,Kilpisjaervi,Kilpisjaervi Biological Station,69.083,20.81,EU
24373-E06,Finland,,Enontekioe,Kilpisjaervi,Kilpisjaervi Biological Station,69.083,20.81,EU
24354-B10,Finland,,Enontekioe,Kilpisjaervi,Kilpisjaervi Biological Station,69.083,20.81,EU
MF458812,France,,,,,,,EU
MF458811,France,,,,,,,EU
MF458810,France,,,,,,,EU
BIOUG05897-H09,Germany,Bavaria,Niederbayern,Nationalpark Bayerischer Wald,,48.9509,13.422,EU
ES12,Germany,Bavaria,Nationalpark Berchtesgaden,Herrenroint,308,47.578,12.972,EU
ES11,Germany,Bavaria,Nationalpark Berchtesgaden,Herrenroint,308,47.578,12.972,EU
ES110,Germany,Bavaria,Nationalpark Berchtesgaden,Herrenroint,312c,47.58,12.975,EU
ES108,Germany,Bavaria,Nationalpark Berchtesgaden,Schapbach,360a,47.583,12.958,EU
BIOUG07731-G05,Greenland,,Northeast Greenland NP,Zackenberg Research Station,,74.467,-20.567,EU
24491-F12,Greenland,,NE Greenland,,Zackenberg,74.4667,-20.5667,EU
BIOUG07860-B08,Greenland,,Northeast Greenland NP,Zackenberg Research Station,,74.467,-20.567,EU
BIOUG15670-E07,Greenland,,Northeast Greenland NP,Zackenberg Research Station,Trap 9,74.469,-20.574,EU
za2011-30253,Greenland,,Northeast Greenland,,Zackenberg Research Station,74.467,-20.567,EU
za2011-30252,Greenland,,Northeast Greenland,,Zackenberg Research Station,74.467,-20.567,EU
za2011-30251,Greenland,,Northeast Greenland,,Zackenberg Research Station,74.467,-20.567,EU
GL45,Greenland,,Zackenberg,south of ZERO station,ex Dryas octopetala,74.4701,-20.576,EU
GL35,Greenland,,Zackenberg,south of ZERO station,ex Papaver radicatum,74.4701,-20.576,EU
GL32,Greenland,,Zackenberg,south of ZERO station,ex Potentilla rubricaulis,74.4701,-20.576,EU
GL31,Greenland,,Zackenberg,south of ZERO station,ex Dryas octopetala,74.4701,-20.576,EU
GL19,Greenland,,Zackenberg,south of ZERO station,ex Dryas octopetala,74.4701,-20.576,EU
GL12,Greenland,,Zackenberg,south of ZERO station,ex Papaver radicatum,74.4701,-20.576,EU
GL07,Greenland,,Zackenberg,south of ZERO station,ex Cassiope tetragona,74.4701,-20.576,EU
za2011-30255,Greenland,,Northeast Greenland,,Zackenberg Research Station,74.467,-20.567,EU
BIOUG15485-B06,Greenland,,Northeast Greenland NP,Zackenberg Research Station,Trap 7,74.466,-20.597,EU
GL15,Greenland,,Zackenberg,south of ZERO station,ex Dryas octopetala,74.4701,-20.576,EU
HU Chi 6,Iceland,Nordurland eystra,,,Gaesavoetn,,,EU
HU Chi 5,Iceland,Nordurland eystra,,,Gaesavoetn,,,EU
IS1,Iceland,Sudurland,Stakkholtsgja,,netting near brook,63.675,-19.557,EU
LC462353,Japan,,,,,,,EA
LC462352,Japan,,,,,,,EA
LC462351,Japan,,,,,,,EA
LC462326,Japan,,,,,,,EA
LC462325,Japan,,,,,,,EA
LC462324,Japan,,,,,,,EA
AB838636,Japan,,,,,,,EA
LC050925,Japan,,"Ibaraki, Nagakuni, Hanamuro River",,,,,EA
LC050924,Japan,,"Ibaraki, Nagakuni, Hanamuro River",,,,,EA
NIESD0440,Japan,Kinki,Kakogawa,Nishikankichonishimura,Shinhitsu Pond,34.8,134.822,EA
NIESD0306,Japan,Kanto,Tsuchiura,Nagakuni,Hanamuro River,36.057,140.176,EA
NIESD0188,Japan,Kanto,Tsuchiura,Nagakuni,Hanamuro River,36.057,140.176,EA
XL1978,Malaysia,Sabah,Borneo,,Mount Trusmadi,5.44,116.45,EA
XL1976,Malaysia,Sabah,,,Mount Trusmadi,5.44,116.45,EA
XL1977,Malaysia,Sabah,,,Mount Trusmadi,5.44,116.45,EA
XL1975,Malaysia,Sabah,,,Mount Trusmadi,5.44,116.45,EA
BIOUG15947-C04,Norway,Sor-Trondelag,Trondheim,,Sommerlystvegen 22,63.405,10.383,EU
Finnmark77,Norway,Finnmark,Alta,Sorelvedalen,Sorelva at bridge,70.0137,23.5547,EU
Finnmark89,Norway,Finnmark,Alta,Sierravannet,by Gargiaveien,69.8446,23.3735,EU
Finnmark12,Norway,Finnmark,Alta,Gargiaelven,at Storeng near Malaise 2,69.8228,23.4788,EU
ATNA477,Norway,Oppland,"Dovre, Rondane nasjonalpark",Vidjedalsbekken (upper),Malaise trap,61.9717,9.83606,EU
ATNA294,Norway,Oppland,"Dovre, Rondane nasjonalpark",Skranglehaugen P2,Malaisefelle M2,61.9814,9.8048,EU
TRD-CH301,Norway,Sor-Trondelag,Trondheim,Jonsvatn,near Flaten,63.397,10.555,EU
TRD-CH273,Norway,Sor-Trondelag,Klaebu,Selbusjoeen,near Bjoerkly,63.274,10.561,EU
EBAI-Ch079,Norway,Oppland,Dovre,Rondane nasjonalpark,Doeraalseter,61.993,9.803,EU
CH-OSF154,Norway,Buskerud,Hurum,Holtnesdalen,Malaisefelle no. 2,59.5409,10.4285,EU
BIOUG15544-G04,Norway,Sor-Trondelag,Trondheim,,Sommerlystvegen 22,63.405,10.383,EU
SOE327,Norway,Sor-Trondelag,Roeros kommune,Soelendet,springbrook B2,62.689,11.832,EU
SOE77,Norway,Sor-Trondelag,Roeros kommune,Soelendet,spring B1,62.689,11.832,EU
ATNA347,Norway,Oppland,"Dovre, Rondane nasjonalpark",Skranglehaugen P1,Malaisefelle M1,61.9819,9.80454,EU
SOE98,Norway,Sor-Trondelag,Brekken kommune,Srlende,Kildebekk A2,62.69,11.842,EU
SOE259,Norway,Sor-Trondelag,Roeros kommune,Soelendet,spring C3,62.691,11.833,EU
SOE251,Norway,Sor-Trondelag,Roeros kommune,Soelendet,spring B1,62.689,11.832,EU
SOE219,Norway,Sor-Trondelag,Roeros kommune,Soelendet,spring C3,62.691,11.833,EU
SOE199,Norway,Sor-Trondelag,Roeros kommune,Soelendet,springbrook A2,62.69,11.842,EU
SOE179,Norway,Sor-Trondelag,Roeros kommune,Soelendet,spring B1,62.689,11.832,EU
SOE176,Norway,Sor-Trondelag,Roeros kommune,Soelendet,springbrook C4,62.691,11.833,EU
SOE149,Norway,Sor-Trondelag,Roeros kommune,Soelendet,spring B1,62.689,11.832,EU
SOE148,Norway,Sor-Trondelag,Roeros kommune,Soelendet,spring B1,62.689,11.832,EU
SOE134,Norway,Sor-Trondelag,Roeros kommune,Soelendet,spring C3,62.691,11.833,EU
ATNA467,Norway,Oppland,"Dovre, Rondane nasjonalpark",Doralseter,Malaise trap,61.9935,9.80343,EU
SOE399,Norway,Sor-Trondelag,Roeros kommune,Soelendet,spring C3,62.691,11.833,EU
BIOUG15539-H03,Norway,Sor-Trondelag,Trondheim,,Sommerlystvegen 22,63.405,10.383,EU
BIOUG16332-D08,Norway,Sor-Trondelag,Trondheim,,Sommerlystvegen 22,63.405,10.383,EU
ATNA148,Norway,Oppland,"Dovre, Rondane nasjonalpark",Skranglehaugen P1,benthos,61.9819,9.80454,EU
TRD-CH168,Norway,Sor-Trondelag,Trondheim,Nidelva,Erling Skakkes gate 57,63.429,10.379,EU
Finnmark147,Norway,Finnmark,Batsfjord,Sandfjordelva,at bridge,70.5032,30.549,EU
BIOUG17022-G03,Norway,Sor-Trondelag,Trondheim,,Sommerlystvegen 22,63.405,10.383,EU
BIOUG14592-D01,Norway,Sor-Trondelag,Trondheim,,Sommerlystvegen 22,63.405,10.383,EU
EBAI-Ch081,Norway,Oppland,Dovre,Rondane nasjonalpark,Doeraalseter,61.993,9.803,EU
EBAI-Ch080,Norway,Oppland,Dovre,Rondane nasjonalpark,Doeraalseter,61.993,9.803,EU
Finnmark607,Norway,Finnmark,Porsanger,Indre Kjerringvik,brook,70.3467,25.4393,EU
EBAI-Ch078,Norway,Oppland,Dovre,Rondane nasjonalpark,Doeraalseter,61.993,9.803,EU
EBAI-Ch077,Norway,Oppland,Dovre,Rondane nasjonalpark,Doeraalseter,61.993,9.803,EU
EBAI-Ch076,Norway,Oppland,Dovre,Rondane nasjonalpark,Doeraalseter,61.993,9.803,EU
Finnmark559,Norway,Finnmark,Batsfjord,Sandfjordelva,at bridge,70.5032,30.549,EU
Finnmark786,Norway,Finnmark,Porsanger,Baukop,"stream from Vuolit Gealbbotjavri, near Malaise 6",70.205,24.906,EU
SOE405,Norway,Sor-Trondelag,Roeros kommune,Soelendet,spring C3,62.691,11.833,EU
Finnmark766,Norway,Finnmark,Nesseby,Nyborg,brook,70.178,28.61,EU
ATNA262,Norway,Oppland,"Dovre, Rondane nasjonalpark",Skranglehaugen P4,Malaisefelle M4,61.9827,9.8036,EU
BIOUG16713-G10,Norway,Sor-Trondelag,Trondheim,,Sommerlystvegen 22,63.405,10.383,EU
Finnmark466,Norway,Finnmark,Porsanger,Stabbursdalen,Rohkosjavri,70.1724,24.9038,EU
SOE474,Norway,Sor-Trondelag,Roeros kommune,Soelendet,spring A1,62.69,11.842,EU
BIOUG16713-C04,Norway,Sor-Trondelag,Trondheim,,Sommerlystvegen 22,63.405,10.383,EU
SOE458,Norway,Sor-Trondelag,Roeros kommune,Soelendet,spring A1,62.69,11.842,EU
SOE456,Norway,Sor-Trondelag,Roeros kommune,Soelendet,spring A1,62.69,11.842,EU
SOE308,Norway,Sor-Trondelag,Roeros kommune,Soelendet,spring C3,62.691,11.833,EU
SOE410,Norway,Sor-Trondelag,Roeros kommune,Soelendet,spring C3,62.691,11.833,EU
SOE409,Norway,Sor-Trondelag,Roeros kommune,Soelendet,spring C3,62.691,11.833,EU
SOE404,Norway,Sor-Trondelag,Roeros kommune,Soelendet,spring C3,62.691,11.833,EU
SOE396,Norway,Sor-Trondelag,Roeros kommune,Soelendet,spring C3,62.691,11.833,EU
SOE395,Norway,Sor-Trondelag,Roeros kommune,Soelendet,spring C3,62.691,11.833,EU
BIOUG15567-G04,Norway,Sor-Trondelag,Trondheim,,Sommerlystvegen 22,63.405,10.383,EU
EBAI-Ch240,Norway,Hedmark,Folldal,Atna river,Vollen,61.9812,10.0237,EU
EBAI-Ch217,Norway,Hedmark,Folldal,Atna river,Vollen,61.9812,10.0237,EU
EBAI-Ch216,Norway,Hedmark,Folldal,Atna river,Vollen,61.9812,10.0237,EU
BIOUG16433-H09,Norway,Sor-Trondelag,Trondheim,,Sommerlystvegen 22,63.405,10.383,EU
CH-OSF138,Norway,Oslo,Oslo,S Nordstrand,"Ljanselva, Liadalen",59.8481,10.7927,EU
CH-OSF137,Norway,Oslo,Oslo,S Nordstrand,"Ljanselva, Liadalen",59.8481,10.7927,EU
BIOUG16632-B05,Norway,Sor-Trondelag,Trondheim,,Sommerlystvegen 22,63.405,10.383,EU
Finnmark894,Norway,Finnmark,Vardoe,Komagelva,at outflow,70.2413,30.5154,EU
CH-OSF22,Norway,Oslo,Oslo,S Nordstrand,"Ljanselva, Urskogen",59.8541,10.8183,EU
BIOUG16631-B09,Norway,Sor-Trondelag,Trondheim,,Sommerlystvegen 22,63.405,10.383,EU
MA22,Portugal,Madeira,Pico do Serrado,at road to Corral das Freiras,small stream,32.721,-16.961,EU
ZACHIR92,South Africa,Western Cape,Cederberg,Driehoek,Burgerskloof,-32.4254,19.1316,AF
ZACHIR85,South Africa,Eastern Cape,Grahamstown,Rivendell farm,emergence trap over stream,-33.3582,26.5141,AF
ZACHIR84,South Africa,Eastern Cape,Grahamstown,Rivendell farm,emergence trap over stream,-33.3582,26.5141,AF
ZACHIR50,South Africa,,"Eastern Cape Province, Grahamstown",Glenstone farm,Malaisetrap at camp site,-33.37,26.5361,AF
13267863,South Africa,Eastern Cape,Amathola,Hogsback,Tyume River tributary,-32.5924,26.9585,AF
13267721,South Africa,Eastern Cape,Albany,Craigdoone,Berg River,-33.3608,26.4833,AF
13267714,South Africa,Eastern Cape,Albany,Craigdoone,Berg River,-33.3608,26.4833,AF
KJ439954,Turkey,,,,,,,
KJ439955,Turkey,,,,,,,
08-SWRC-0190,United States,Pennsylvania,Chester,White Clay Creek above Stroud Center,Riffle,39.86,-75.784,NAC
08-SWRC-0184,United States,Pennsylvania,Chester,White Clay Creek above Stroud Center,Riffle,39.86,-75.784,NAC
BIOUG02307-C10,United States,California,Mono Lake State Park,boardwalk,"cut grass, saline marsh, riparian zone",38.016,-119.15,NAC
08-SWRC-0178,United States,Pennsylvania,Chester,White Clay Creek above Stroud Center,Riffle,39.86,-75.784,NAC
08-SWRC-0177,United States,Pennsylvania,Chester,White Clay Creek above Stroud Center,Riffle,39.86,-75.784,NAC
08-SWRC-0162,United States,Pennsylvania,Chester,White Clay Creek above Stroud Center,Riffle,39.86,-75.784,NAC
08-SWRC-0132,United States,Pennsylvania,Chester,White Clay Creek above Stroud Center,Riffle,39.86,-75.784,NAC
08-SWRC-0122,United States,Pennsylvania,Chester,White Clay Creek above Stroud Center,Riffle,39.86,-75.784,NAC
08-SWRC-0080,United States,Pennsylvania,Chester,White Clay Creek above Stroud Center,Riffle,39.86,-75.784,NAC
08-SWRC-0077,United States,Pennsylvania,Chester,White Clay Creek above Stroud Center,Riffle,39.86,-75.784,NAC
BIOUG01244-G10,United States,California,Mono Vista RV Park,campground,"dry ground, shrubs",37.96,-119.123,NAC
BIOUG02190-H01,United States,Arizona,Yavapai,Dead Horse Ranch State Park,Verde River near bridge,34.75,-112.022,NAC
10-SCCWRP-2938,United States,California,Los Angeles Co.,,"W. Fork San Gabriel (405BH2Bxx), ML #19341",34.241,-117.869,NAC
10BBDIP-2089,United States,Arizona,Deadhorse Ranch SP,Verde River,Trails,34.75,-112.004,NAC
09BBDIP-1937,United States,Colorado,El Paso Co.,"Golden Eagle Ranch, 15 km S Colorado Springs",valley,38.708,-104.831,NAC
10-SCCWRP-1814,United States,California,Los Angeles Co.,,"Big Tujunga Wash (412BH1Axx), ML #19349",34.274,-118.315,NAC
08-SWRC-0015,United States,Pennsylvania,Chester,White Clay Creek above Stroud Center,Riffle,39.86,-75.784,NAC
08-SWRC-0341,United States,Pennsylvania,Chester,White Clay Creek above Stroud Center,Riffle,39.836,-75.782,NAC
SEG23,United States,Maryland,Baltimore City,Armistead Gardens,Armistead Creek at Wright Avenue,39.308,-76.557,NAC
08-SWRC-0629,United States,Pennsylvania,Chester,White Clay Creek above Stroud Center,Riffle,39.836,-75.782,NAC
08-SWRC-0665,United States,Pennsylvania,Chester,White Clay Creek above Stroud Center,Riffle,39.836,-75.782,NAC
08-SWRC-0638,United States,Pennsylvania,Chester,White Clay Creek above Stroud Center,Riffle,39.836,-75.782,NAC
08-SWRC-0621,United States,Pennsylvania,Chester,White Clay Creek above Stroud Center,Riffle,39.836,-75.782,NAC
08-SWRC-0359,United States,Pennsylvania,Chester,White Clay Creek above Stroud Center,Riffle,39.836,-75.782,NAC
10-SCCWRP-4013,United States,California,Ventura Co.,,"Arroyo Simi (408BH5Axx), ML #19345",,,NAC
08-SWRC-0300,United States,Pennsylvania,Chester,White Clay Creek above Stroud Center,Riffle,39.836,-75.782,NAC
08-SWRC-0265,United States,Pennsylvania,Chester,White Clay Creek above Stroud Center,Riffle,39.836,-75.782,NAC
BIOUG02308-B01,United States,California,Mono Vista RV Park,campground,"dry ground, shrubs",37.96,-119.123,NAC
08-SWRC-0201,United States,Pennsylvania,Chester,White Clay Creek above Stroud Center,Riffle,39.86,-75.784,NAC
08-SWRC-0200,United States,Pennsylvania,Chester,White Clay Creek above Stroud Center,Riffle,39.86,-75.784,NAC